,exp_code_str3,exp_name,imp_code_str3,imp_name,HS2,description,USD,tonne,clean_desc
0,702,Singapore,016,American Samoa,27," Anthracite, not agglomerated",34029691.0,52615.48,"Singapore -  Anthracite, not agglomerated"
1,490,"Other Asia, nes",016,American Samoa,03," Ornamental fish, live",13868298.0,4812.077,"Other Asia, nes -  Ornamental fish, live"
2,458,Malaysia,016,American Samoa,27," Anthracite, not agglomerated",9841166.0,15785.3,"Malaysia -  Anthracite, not agglomerated"
3,242,Fiji,016,American Samoa,03," Ornamental fish, live",8563752.0,3508.062,"Fiji -  Ornamental fish, live"
4,242,Fiji,016,American Samoa,48, Newsprint,4407030.0,2999.438,Fiji -  Newsprint
5,300,Greece,016,American Samoa,27," Anthracite, not agglomerated",2634285.0,3444.02,"Greece -  Anthracite, not agglomerated"
6,554,New Zealand,016,American Samoa,84, Nuclear reactors,2199676.0,178.15900000000002,New Zealand -  Nuclear reactors
7,554,New Zealand,016,American Samoa,44, Fuel wood,1994013.0,3583.36,New Zealand -  Fuel wood
8,036,Australia,016,American Samoa,04, Milk not concentrated nor sweetened < 1% fat,1704794.0,1465.9940000000001,Australia -  Milk not concentrated nor sweetened < 1% fat
9,410,Rep. of Korea,016,American Samoa,87, Pedestrian controlled tractors,1641176.0,149.427,Rep. of Korea -  Pedestrian controlled tractors
10,554,New Zealand,016,American Samoa,02," Bovine carcasses and half carcasses, fresh or chilled",1527830.0,339.134,"New Zealand -  Bovine carcasses and half carcasses, fresh or chilled"
11,554,New Zealand,016,American Samoa,25," Salt (sodium chloride) including solution, salt water",1523883.0,13036.758,"New Zealand -  Salt (sodium chloride) including solution, salt water"
12,554,New Zealand,016,American Samoa,16," Sausages, similar products of meat, meat offal & bloo",1302499.0,155.236,"New Zealand -  Sausages, similar products of meat, meat offal & bloo"
13,410,Rep. of Korea,016,American Samoa,19," Infant foods of cereals, flour, starch or milk, retai",1300424.0,251.736,"Rep. of Korea -  Infant foods of cereals, flour, starch or milk, retai"
14,724,Spain,016,American Samoa,85, Electric motors of an output < 37.5 watts,1273114.0,10.108,Spain -  Electric motors of an output < 37.5 watts
15,242,Fiji,016,American Samoa,19," Infant foods of cereals, flour, starch or milk, retai",1064184.0,346.866,"Fiji -  Infant foods of cereals, flour, starch or milk, retai"
16,124,Canada,016,American Samoa,44, Fuel wood,1061053.0,1968.449,Canada -  Fuel wood
17,344,"China, Hong Kong SAR",016,American Samoa,85, Electric motors of an output < 37.5 watts,1034140.0,6.114,"China, Hong Kong SAR -  Electric motors of an output < 37.5 watts"
18,392,Japan,016,American Samoa,87, Pedestrian controlled tractors,1011872.0,65.396,Japan -  Pedestrian controlled tractors
19,554,New Zealand,016,American Samoa,04, Milk not concentrated nor sweetened < 1% fat,999886.0,385.885,New Zealand -  Milk not concentrated nor sweetened < 1% fat
20,036,Australia,016,American Samoa,16," Sausages, similar products of meat, meat offal & bloo",992562.0,127.13,"Australia -  Sausages, similar products of meat, meat offal & bloo"
21,392,Japan,016,American Samoa,03," Ornamental fish, live",934998.0,297.25,"Japan -  Ornamental fish, live"
22,554,New Zealand,016,American Samoa,39, Polyethylene - specific gravity <0.94 in primary form,834236.0,231.275,New Zealand -  Polyethylene - specific gravity <0.94 in primary form
23,554,New Zealand,016,American Samoa,73, Sheet piling of iron or steel,814283.0,179.664,New Zealand -  Sheet piling of iron or steel
24,554,New Zealand,016,American Samoa,94," Seats, aircraft",806619.0,372.308,"New Zealand -  Seats, aircraft"
25,036,Australia,016,American Samoa,02," Bovine carcasses and half carcasses, fresh or chilled",804119.0,215.39999999999998,"Australia -  Bovine carcasses and half carcasses, fresh or chilled"
26,410,Rep. of Korea,016,American Samoa,27," Anthracite, not agglomerated",787046.0,340.585,"Rep. of Korea -  Anthracite, not agglomerated"
27,554,New Zealand,016,American Samoa,17," Raw sugar, cane",698450.0,932.608,"New Zealand -  Raw sugar, cane"
28,242,Fiji,016,American Samoa,27," Anthracite, not agglomerated",678818.0,1058.05,"Fiji -  Anthracite, not agglomerated"
29,410,Rep. of Korea,016,American Samoa,84, Nuclear reactors,634601.0,53.93,Rep. of Korea -  Nuclear reactors
30,554,New Zealand,016,American Samoa,27," Anthracite, not agglomerated",629842.0,1038.245,"New Zealand -  Anthracite, not agglomerated"
31,554,New Zealand,016,American Samoa,85, Electric motors of an output < 37.5 watts,580783.0,15.106,New Zealand -  Electric motors of an output < 37.5 watts
32,036,Australia,016,American Samoa,19," Infant foods of cereals, flour, starch or milk, retai",517980.0,379.207,"Australia -  Infant foods of cereals, flour, starch or milk, retai"
33,554,New Zealand,016,American Samoa,22, Mineral and aerated waters not sweetened or flavoured,509641.0,375.326,New Zealand -  Mineral and aerated waters not sweetened or flavoured
34,242,Fiji,016,American Samoa,22, Mineral and aerated waters not sweetened or flavoured,498928.0,687.284,Fiji -  Mineral and aerated waters not sweetened or flavoured
35,554,New Zealand,016,American Samoa,55," Filament tow of nylon, polyamides",492968.0,23.442,"New Zealand -  Filament tow of nylon, polyamides"
36,242,Fiji,016,American Samoa,72," Pig iron, non-alloy, <0.5% phosphorus",462513.0,310.648,"Fiji -  Pig iron, non-alloy, <0.5% phosphorus"
37,724,Spain,016,American Samoa,89," Cruise ships, excursion boats, ferry boats",458797.0,3.41,"Spain -  Cruise ships, excursion boats, ferry boats"
38,490,"Other Asia, nes",016,American Samoa,22, Mineral and aerated waters not sweetened or flavoured,458378.0,987.356,"Other Asia, nes -  Mineral and aerated waters not sweetened or flavoured"
39,036,Australia,016,American Samoa,84, Nuclear reactors,457659.0,17.237,Australia -  Nuclear reactors
40,554,New Zealand,016,American Samoa,72," Pig iron, non-alloy, <0.5% phosphorus",442413.0,321.366,"New Zealand -  Pig iron, non-alloy, <0.5% phosphorus"
41,554,New Zealand,016,American Samoa,20," Cucumbers,gherkins, prepared or preserved by vinegar",410490.0,226.236,"New Zealand -  Cucumbers,gherkins, prepared or preserved by vinegar"
42,410,Rep. of Korea,016,American Samoa,73, Sheet piling of iron or steel,401132.0,176.593,Rep. of Korea -  Sheet piling of iron or steel
43,208,Denmark,016,American Samoa,90," Optical fibres, except for telecommunications",391431.0,0.52,"Denmark -  Optical fibres, except for telecommunications"
44,554,New Zealand,016,American Samoa,90," Optical fibres, except for telecommunications",359872.0,3.471,"New Zealand -  Optical fibres, except for telecommunications"
45,410,Rep. of Korea,016,American Samoa,56," Sanitary towels, diapers and similar articles",351535.0,67.223,"Rep. of Korea -  Sanitary towels, diapers and similar articles"
46,360,Indonesia,016,American Samoa,16," Sausages, similar products of meat, meat offal & bloo",345660.0,68.212,"Indonesia -  Sausages, similar products of meat, meat offal & bloo"
47,242,Fiji,016,American Samoa,33, Essential oils of bergamot,344624.0,77.512,Fiji -  Essential oils of bergamot
48,410,Rep. of Korea,016,American Samoa,94," Seats, aircraft",340267.0,104.926,"Rep. of Korea -  Seats, aircraft"
49,036,Australia,016,American Samoa,08," Coconuts, fresh or dried",337841.0,271.04,"Australia -  Coconuts, fresh or dried"
50,490,"Other Asia, nes",016,American Samoa,72," Pig iron, non-alloy, <0.5% phosphorus",319190.0,338.0,"Other Asia, nes -  Pig iron, non-alloy, <0.5% phosphorus"
51,554,New Zealand,016,American Samoa,19," Infant foods of cereals, flour, starch or milk, retai",309794.0,118.476,"New Zealand -  Infant foods of cereals, flour, starch or milk, retai"
52,242,Fiji,016,American Samoa,62," Mens, boys overcoats of wool or hair, not knit",290018.0,8.31,"Fiji -  Mens, boys overcoats of wool or hair, not knit"
53,036,Australia,016,American Samoa,68," Stone setts, curbstones, flagstones (except slate)",283569.0,95.05,"Australia -  Stone setts, curbstones, flagstones (except slate)"
54,124,Canada,016,American Samoa,13, Lac,279052.0,98.8,Canada -  Lac
55,702,Singapore,016,American Samoa,85, Electric motors of an output < 37.5 watts,271059.0,4.838,Singapore -  Electric motors of an output < 37.5 watts
56,554,New Zealand,016,American Samoa,21," Coffee extracts, essences, concentrates, preparations",262048.0,89.186,"New Zealand -  Coffee extracts, essences, concentrates, preparations"
57,036,Australia,016,American Samoa,22, Mineral and aerated waters not sweetened or flavoured,259051.0,48.357,Australia -  Mineral and aerated waters not sweetened or flavoured
58,360,Indonesia,016,American Samoa,54, Sewing thread of synthetic filaments,256870.0,30.273,Indonesia -  Sewing thread of synthetic filaments
59,360,Indonesia,016,American Samoa,72," Pig iron, non-alloy, <0.5% phosphorus",239085.0,396.935,"Indonesia -  Pig iron, non-alloy, <0.5% phosphorus"
60,528,Netherlands,016,American Samoa,84, Nuclear reactors,231038.0,0.918,Netherlands -  Nuclear reactors
61,410,Rep. of Korea,016,American Samoa,95," Rideable wheeled toys, dolls carriages",228041.0,42.198,"Rep. of Korea -  Rideable wheeled toys, dolls carriages"
62,554,New Zealand,016,American Samoa,32, Quebracho tanning extract,227489.0,28.15,New Zealand -  Quebracho tanning extract
63,242,Fiji,016,American Samoa,34," Soaps, for toilet use, solid",225680.0,76.80000000000001,"Fiji -  Soaps, for toilet use, solid"
64,242,Fiji,016,American Samoa,25," Salt (sodium chloride) including solution, salt water",212226.0,192.436,"Fiji -  Salt (sodium chloride) including solution, salt water"
65,554,New Zealand,016,American Samoa,76," Aluminium unwrought, not alloyed",202281.0,34.608000000000004,"New Zealand -  Aluminium unwrought, not alloyed"
66,250,France,016,American Samoa,73, Sheet piling of iron or steel,201425.0,12.852,France -  Sheet piling of iron or steel
67,076,Brazil,016,American Samoa,16," Sausages, similar products of meat, meat offal & bloo",200488.0,205.981,"Brazil -  Sausages, similar products of meat, meat offal & bloo"
68,242,Fiji,016,American Samoa,73, Sheet piling of iron or steel,194898.0,133.135,Fiji -  Sheet piling of iron or steel
69,124,Canada,016,American Samoa,11, Wheat or meslin flour,184962.0,365.547,Canada -  Wheat or meslin flour
70,242,Fiji,016,American Samoa,69," Bricks, blocks and ceramic goods of siliceous earths",184713.0,3822.0,"Fiji -  Bricks, blocks and ceramic goods of siliceous earths"
71,554,New Zealand,016,American Samoa,62," Mens, boys overcoats of wool or hair, not knit",182240.0,3.916,"New Zealand -  Mens, boys overcoats of wool or hair, not knit"
72,702,Singapore,016,American Samoa,44, Fuel wood,169191.0,106.404,Singapore -  Fuel wood
73,826,United Kingdom,016,American Samoa,07," Potatoes seed, fresh or chilled",163728.0,220.0,"United Kingdom -  Potatoes seed, fresh or chilled"
74,348,Hungary,016,American Samoa,83, Padlocks of base metal,160890.0,15.198,Hungary -  Padlocks of base metal
75,410,Rep. of Korea,016,American Samoa,85, Electric motors of an output < 37.5 watts,150682.0,24.006999999999998,Rep. of Korea -  Electric motors of an output < 37.5 watts
76,702,Singapore,016,American Samoa,55," Filament tow of nylon, polyamides",148680.0,6.876,"Singapore -  Filament tow of nylon, polyamides"
77,764,Thailand,016,American Samoa,68," Stone setts, curbstones, flagstones (except slate)",148675.0,681.1569999999999,"Thailand -  Stone setts, curbstones, flagstones (except slate)"
78,242,Fiji,016,American Samoa,94," Seats, aircraft",147431.0,35.643,"Fiji -  Seats, aircraft"
79,764,Thailand,016,American Samoa,72," Pig iron, non-alloy, <0.5% phosphorus",141260.0,234.788,"Thailand -  Pig iron, non-alloy, <0.5% phosphorus"
80,554,New Zealand,016,American Samoa,23," Flour or meal, pellet of meat or offal for animal fee",136542.0,276.604,"New Zealand -  Flour or meal, pellet of meat or offal for animal fee"
81,554,New Zealand,016,American Samoa,03," Ornamental fish, live",134176.0,29.712,"New Zealand -  Ornamental fish, live"
82,554,New Zealand,016,American Samoa,07," Potatoes seed, fresh or chilled",133002.0,143.146,"New Zealand -  Potatoes seed, fresh or chilled"
83,360,Indonesia,016,American Samoa,19," Infant foods of cereals, flour, starch or milk, retai",132712.0,56.077,"Indonesia -  Infant foods of cereals, flour, starch or milk, retai"
84,036,Australia,016,American Samoa,85, Electric motors of an output < 37.5 watts,129540.0,3.2319999999999998,Australia -  Electric motors of an output < 37.5 watts
85,554,New Zealand,016,American Samoa,38, Artificial graphite,129320.0,36.135000000000005,New Zealand -  Artificial graphite
86,036,Australia,016,American Samoa,17," Raw sugar, cane",128972.0,13.274000000000001,"Australia -  Raw sugar, cane"
87,458,Malaysia,016,American Samoa,94," Seats, aircraft",128944.0,32.956,"Malaysia -  Seats, aircraft"
88,036,Australia,016,American Samoa,73, Sheet piling of iron or steel,126898.0,13.561,Australia -  Sheet piling of iron or steel
89,554,New Zealand,016,American Samoa,52," Cotton, not carded or combed",126237.0,6.449000000000001,"New Zealand -  Cotton, not carded or combed"
90,764,Thailand,016,American Samoa,44, Fuel wood,122667.0,295.46799999999996,Thailand -  Fuel wood
91,344,"China, Hong Kong SAR",016,American Samoa,19," Infant foods of cereals, flour, starch or milk, retai",122319.0,41.929,"China, Hong Kong SAR -  Infant foods of cereals, flour, starch or milk, retai"
92,036,Australia,016,American Samoa,30," Glands and other organs, dried, for therapeutic uses",118947.0,1.73,"Australia -  Glands and other organs, dried, for therapeutic uses"
93,036,Australia,016,American Samoa,21," Coffee extracts, essences, concentrates, preparations",118526.0,15.502,"Australia -  Coffee extracts, essences, concentrates, preparations"
94,826,United Kingdom,016,American Samoa,38, Artificial graphite,117909.0,20.171,United Kingdom -  Artificial graphite
95,710,South Africa,016,American Samoa,03," Ornamental fish, live",116568.0,32.169,"South Africa -  Ornamental fish, live"
96,554,New Zealand,016,American Samoa,48, Newsprint,113524.0,44.797000000000004,New Zealand -  Newsprint
97,360,Indonesia,016,American Samoa,22, Mineral and aerated waters not sweetened or flavoured,113265.0,189.82500000000002,Indonesia -  Mineral and aerated waters not sweetened or flavoured
98,380,Italy,016,American Samoa,61," Mens, boys overcoats, etc, of wool or hair, knit",112046.0,4.58,"Italy -  Mens, boys overcoats, etc, of wool or hair, knit"
99,036,Australia,016,American Samoa,33, Essential oils of bergamot,109728.0,8.152,Australia -  Essential oils of bergamot
100,764,Thailand,016,American Samoa,16," Sausages, similar products of meat, meat offal & bloo",107440.0,32.64,"Thailand -  Sausages, similar products of meat, meat offal & bloo"
101,124,Canada,016,American Samoa,90," Optical fibres, except for telecommunications",105672.0,0.27,"Canada -  Optical fibres, except for telecommunications"
102,724,Spain,016,American Samoa,84, Nuclear reactors,102412.0,2.2430000000000003,Spain -  Nuclear reactors
103,458,Malaysia,016,American Samoa,34," Soaps, for toilet use, solid",87971.0,90.42999999999999,"Malaysia -  Soaps, for toilet use, solid"
104,250,France,016,American Samoa,70," Glass cullet, waste or scrap, glass in the mass",85449.0,34.091,"France -  Glass cullet, waste or scrap, glass in the mass"
105,792,TÃ¼rkiye,016,American Samoa,39, Polyethylene - specific gravity <0.94 in primary form,84964.0,43.358999999999995,TÃ¼rkiye -  Polyethylene - specific gravity <0.94 in primary form
106,554,New Zealand,016,American Samoa,40," Natural rubber latex, including prevulcanised",83684.0,8.875,"New Zealand -  Natural rubber latex, including prevulcanised"
107,392,Japan,016,American Samoa,63, Electric blankets of textile material,82545.0,2.55,Japan -  Electric blankets of textile material
108,554,New Zealand,016,American Samoa,49," Brochures, leaflets and similar, in single sheets",82007.0,6.553999999999999,"New Zealand -  Brochures, leaflets and similar, in single sheets"
109,480,Mauritius,016,American Samoa,03," Ornamental fish, live",81893.0,80.77,"Mauritius -  Ornamental fish, live"
110,410,Rep. of Korea,016,American Samoa,03," Ornamental fish, live",79625.0,24.75,"Rep. of Korea -  Ornamental fish, live"
111,392,Japan,016,American Samoa,84, Nuclear reactors,79410.0,1.873,Japan -  Nuclear reactors
112,702,Singapore,016,American Samoa,84, Nuclear reactors,78431.0,1.1340000000000001,Singapore -  Nuclear reactors
113,554,New Zealand,016,American Samoa,54, Sewing thread of synthetic filaments,76198.0,3.589,New Zealand -  Sewing thread of synthetic filaments
114,764,Thailand,016,American Samoa,21," Coffee extracts, essences, concentrates, preparations",74871.0,24.777,"Thailand -  Coffee extracts, essences, concentrates, preparations"
115,792,TÃ¼rkiye,016,American Samoa,27," Anthracite, not agglomerated",69418.0,100.0,"TÃ¼rkiye -  Anthracite, not agglomerated"
116,490,"Other Asia, nes",016,American Samoa,44, Fuel wood,69096.0,46.117,"Other Asia, nes -  Fuel wood"
117,242,Fiji,016,American Samoa,61," Mens, boys overcoats, etc, of wool or hair, knit",68121.0,2.035,"Fiji -  Mens, boys overcoats, etc, of wool or hair, knit"
118,490,"Other Asia, nes",016,American Samoa,84, Nuclear reactors,67902.0,6.6450000000000005,"Other Asia, nes -  Nuclear reactors"
119,392,Japan,016,American Samoa,39, Polyethylene - specific gravity <0.94 in primary form,67297.0,0.266,Japan -  Polyethylene - specific gravity <0.94 in primary form
120,458,Malaysia,016,American Samoa,44, Fuel wood,67255.0,37.912,Malaysia -  Fuel wood
121,458,Malaysia,016,American Samoa,39, Polyethylene - specific gravity <0.94 in primary form,67247.0,75.605,Malaysia -  Polyethylene - specific gravity <0.94 in primary form
122,764,Thailand,016,American Samoa,84, Nuclear reactors,65645.0,2.097,Thailand -  Nuclear reactors
123,764,Thailand,016,American Samoa,73, Sheet piling of iron or steel,63376.0,20.758000000000003,Thailand -  Sheet piling of iron or steel
124,554,New Zealand,016,American Samoa,18," Cocoa beans, whole or broken, raw or roasted",62760.0,4.935,"New Zealand -  Cocoa beans, whole or broken, raw or roasted"
125,724,Spain,016,American Samoa,29, Saturated acyclic hydrocarbons,62741.0,10.0,Spain -  Saturated acyclic hydrocarbons
126,554,New Zealand,016,American Samoa,58," Woven pile fabric of wool or fine animal hair, w >30c",61799.0,1.723,"New Zealand -  Woven pile fabric of wool or fine animal hair, w >30c"
127,554,New Zealand,016,American Samoa,82, Spades and shovels,60604.0,2.081,New Zealand -  Spades and shovels
128,360,Indonesia,016,American Samoa,55," Filament tow of nylon, polyamides",59934.0,21.637,"Indonesia -  Filament tow of nylon, polyamides"
129,554,New Zealand,016,American Samoa,83, Padlocks of base metal,59436.0,2.886,New Zealand -  Padlocks of base metal
130,124,Canada,016,American Samoa,73, Sheet piling of iron or steel,58376.0,20.049,Canada -  Sheet piling of iron or steel
131,036,Australia,016,American Samoa,48, Newsprint,58172.0,24.34,Australia -  Newsprint
132,554,New Zealand,016,American Samoa,63, Electric blankets of textile material,57636.0,3.562,New Zealand -  Electric blankets of textile material
133,036,Australia,016,American Samoa,09," Coffee, not roasted, not decaffeinated",56362.0,5.294,"Australia -  Coffee, not roasted, not decaffeinated"
134,410,Rep. of Korea,016,American Samoa,39, Polyethylene - specific gravity <0.94 in primary form,54341.0,8.837,Rep. of Korea -  Polyethylene - specific gravity <0.94 in primary form
135,528,Netherlands,016,American Samoa,85, Electric motors of an output < 37.5 watts,53126.0,0.4,Netherlands -  Electric motors of an output < 37.5 watts
136,764,Thailand,016,American Samoa,17," Raw sugar, cane",51360.0,97.245,"Thailand -  Raw sugar, cane"
137,458,Malaysia,016,American Samoa,19," Infant foods of cereals, flour, starch or milk, retai",48745.0,12.468,"Malaysia -  Infant foods of cereals, flour, starch or milk, retai"
138,360,Indonesia,016,American Samoa,20," Cucumbers,gherkins, prepared or preserved by vinegar",48207.0,69.26400000000001,"Indonesia -  Cucumbers,gherkins, prepared or preserved by vinegar"
139,756,Switzerland,016,American Samoa,39, Polyethylene - specific gravity <0.94 in primary form,48050.0,6.591,Switzerland -  Polyethylene - specific gravity <0.94 in primary form
140,036,Australia,016,American Samoa,94," Seats, aircraft",43259.0,4.497999999999999,"Australia -  Seats, aircraft"
141,380,Italy,016,American Samoa,85, Electric motors of an output < 37.5 watts,42559.0,3.534,Italy -  Electric motors of an output < 37.5 watts
142,554,New Zealand,016,American Samoa,15," Lard, other pig fat and poultry fat, rendered",41951.0,11.516,"New Zealand -  Lard, other pig fat and poultry fat, rendered"
143,380,Italy,016,American Samoa,19," Infant foods of cereals, flour, starch or milk, retai",41483.0,5.622,"Italy -  Infant foods of cereals, flour, starch or milk, retai"
144,242,Fiji,016,American Samoa,76," Aluminium unwrought, not alloyed",41428.0,13.504,"Fiji -  Aluminium unwrought, not alloyed"
145,380,Italy,016,American Samoa,84, Nuclear reactors,41366.0,1.275,Italy -  Nuclear reactors
146,702,Singapore,016,American Samoa,88," Gliders, hang gliders",39497.0,0.063,"Singapore -  Gliders, hang gliders"
147,218,Ecuador,016,American Samoa,39, Polyethylene - specific gravity <0.94 in primary form,38527.0,5.539,Ecuador -  Polyethylene - specific gravity <0.94 in primary form
148,554,New Zealand,016,American Samoa,34," Soaps, for toilet use, solid",38456.0,16.892,"New Zealand -  Soaps, for toilet use, solid"
149,826,United Kingdom,016,American Samoa,88," Gliders, hang gliders",38301.0,0.039,"United Kingdom -  Gliders, hang gliders"
150,250,France,016,American Samoa,84, Nuclear reactors,38152.0,0.542,France -  Nuclear reactors
151,380,Italy,016,American Samoa,30," Glands and other organs, dried, for therapeutic uses",38132.0,0.9,"Italy -  Glands and other organs, dried, for therapeutic uses"
152,242,Fiji,016,American Samoa,85, Electric motors of an output < 37.5 watts,37786.0,13.025,Fiji -  Electric motors of an output < 37.5 watts
153,458,Malaysia,016,American Samoa,38, Artificial graphite,37318.0,136.052,Malaysia -  Artificial graphite
154,242,Fiji,016,American Samoa,11, Wheat or meslin flour,37158.0,53.204,Fiji -  Wheat or meslin flour
155,554,New Zealand,016,American Samoa,87, Pedestrian controlled tractors,36653.0,4.493,New Zealand -  Pedestrian controlled tractors
156,380,Italy,016,American Samoa,90," Optical fibres, except for telecommunications",34811.0,0.087,"Italy -  Optical fibres, except for telecommunications"
157,242,Fiji,016,American Samoa,96," Worked ivory, articles of ivory",33018.0,0.896,"Fiji -  Worked ivory, articles of ivory"
158,036,Australia,016,American Samoa,39, Polyethylene - specific gravity <0.94 in primary form,32999.0,3.758,Australia -  Polyethylene - specific gravity <0.94 in primary form
159,124,Canada,016,American Samoa,68," Stone setts, curbstones, flagstones (except slate)",32978.0,54.359,"Canada -  Stone setts, curbstones, flagstones (except slate)"
160,554,New Zealand,016,American Samoa,96," Worked ivory, articles of ivory",32734.0,4.478,"New Zealand -  Worked ivory, articles of ivory"
161,458,Malaysia,016,American Samoa,72," Pig iron, non-alloy, <0.5% phosphorus",32372.999999999996,53.108,"Malaysia -  Pig iron, non-alloy, <0.5% phosphorus"
162,554,New Zealand,016,American Samoa,30," Glands and other organs, dried, for therapeutic uses",32319.0,0.388,"New Zealand -  Glands and other organs, dried, for therapeutic uses"
163,392,Japan,016,American Samoa,56," Sanitary towels, diapers and similar articles",31964.0,1.089,"Japan -  Sanitary towels, diapers and similar articles"
164,458,Malaysia,016,American Samoa,96," Worked ivory, articles of ivory",31916.0,9.362,"Malaysia -  Worked ivory, articles of ivory"
165,554,New Zealand,016,American Samoa,69," Bricks, blocks and ceramic goods of siliceous earths",31474.0,42.57,"New Zealand -  Bricks, blocks and ceramic goods of siliceous earths"
166,554,New Zealand,016,American Samoa,68," Stone setts, curbstones, flagstones (except slate)",31316.0,26.256,"New Zealand -  Stone setts, curbstones, flagstones (except slate)"
167,490,"Other Asia, nes",016,American Samoa,60," ""Long pile"" knit or crochet textile fabric",31266.0,8.455,"Other Asia, nes -  ""Long pile"" knit or crochet textile fabric"
168,124,Canada,016,American Samoa,72," Pig iron, non-alloy, <0.5% phosphorus",31092.0,45.538,"Canada -  Pig iron, non-alloy, <0.5% phosphorus"
169,554,New Zealand,016,American Samoa,70," Glass cullet, waste or scrap, glass in the mass",30966.0,5.429,"New Zealand -  Glass cullet, waste or scrap, glass in the mass"
170,036,Australia,016,American Samoa,90," Optical fibres, except for telecommunications",30009.0,0.068,"Australia -  Optical fibres, except for telecommunications"
171,242,Fiji,016,American Samoa,52," Cotton, not carded or combed",29743.0,5.194,"Fiji -  Cotton, not carded or combed"
172,764,Thailand,016,American Samoa,40," Natural rubber latex, including prevulcanised",29496.0,10.298,"Thailand -  Natural rubber latex, including prevulcanised"
173,360,Indonesia,016,American Samoa,69," Bricks, blocks and ceramic goods of siliceous earths",29103.0,52.050000000000004,"Indonesia -  Bricks, blocks and ceramic goods of siliceous earths"
174,410,Rep. of Korea,016,American Samoa,40," Natural rubber latex, including prevulcanised",28682.0,3.033,"Rep. of Korea -  Natural rubber latex, including prevulcanised"
175,752,Sweden,016,American Samoa,84, Nuclear reactors,28091.0,0.678,Sweden -  Nuclear reactors
176,554,New Zealand,016,American Samoa,64," Waterproof footwear (Wellingtons etc), metal toe cap",27462.0,0.947,"New Zealand -  Waterproof footwear (Wellingtons etc), metal toe cap"
177,764,Thailand,016,American Samoa,20," Cucumbers,gherkins, prepared or preserved by vinegar",27155.0,24.387999999999998,"Thailand -  Cucumbers,gherkins, prepared or preserved by vinegar"
178,242,Fiji,016,American Samoa,20," Cucumbers,gherkins, prepared or preserved by vinegar",27049.0,35.397000000000006,"Fiji -  Cucumbers,gherkins, prepared or preserved by vinegar"
179,490,"Other Asia, nes",016,American Samoa,73, Sheet piling of iron or steel,26990.0,3.286,"Other Asia, nes -  Sheet piling of iron or steel"
180,490,"Other Asia, nes",016,American Samoa,39, Polyethylene - specific gravity <0.94 in primary form,26226.0,4.45,"Other Asia, nes -  Polyethylene - specific gravity <0.94 in primary form"
181,458,Malaysia,016,American Samoa,21," Coffee extracts, essences, concentrates, preparations",26205.0,15.926,"Malaysia -  Coffee extracts, essences, concentrates, preparations"
182,702,Singapore,016,American Samoa,22, Mineral and aerated waters not sweetened or flavoured,26148.0,11.61,Singapore -  Mineral and aerated waters not sweetened or flavoured
183,422,Lebanon,016,American Samoa,85, Electric motors of an output < 37.5 watts,25570.0,0.19,Lebanon -  Electric motors of an output < 37.5 watts
184,764,Thailand,016,American Samoa,64," Waterproof footwear (Wellingtons etc), metal toe cap",24399.0,5.295,"Thailand -  Waterproof footwear (Wellingtons etc), metal toe cap"
185,392,Japan,016,American Samoa,85, Electric motors of an output < 37.5 watts,24344.0,0.0,Japan -  Electric motors of an output < 37.5 watts
186,490,"Other Asia, nes",016,American Samoa,19," Infant foods of cereals, flour, starch or milk, retai",24238.0,11.238,"Other Asia, nes -  Infant foods of cereals, flour, starch or milk, retai"
187,764,Thailand,016,American Samoa,22, Mineral and aerated waters not sweetened or flavoured,23639.0,29.337,Thailand -  Mineral and aerated waters not sweetened or flavoured
188,764,Thailand,016,American Samoa,48, Newsprint,23504.0,23.504,Thailand -  Newsprint
189,490,"Other Asia, nes",016,American Samoa,12, Soya beans,22777.0,0.892,"Other Asia, nes -  Soya beans"
190,702,Singapore,016,American Samoa,48, Newsprint,22696.0,18.98,Singapore -  Newsprint
191,490,"Other Asia, nes",016,American Samoa,82, Spades and shovels,22446.0,2.9280000000000004,"Other Asia, nes -  Spades and shovels"
192,196,Cyprus,016,American Samoa,20," Cucumbers,gherkins, prepared or preserved by vinegar",22270.0,42.06,"Cyprus -  Cucumbers,gherkins, prepared or preserved by vinegar"
193,458,Malaysia,016,American Samoa,68," Stone setts, curbstones, flagstones (except slate)",22236.0,102.178,"Malaysia -  Stone setts, curbstones, flagstones (except slate)"
194,124,Canada,016,American Samoa,85, Electric motors of an output < 37.5 watts,21119.0,0.289,Canada -  Electric motors of an output < 37.5 watts
195,458,Malaysia,016,American Samoa,63, Electric blankets of textile material,21114.0,8.037,Malaysia -  Electric blankets of textile material
196,360,Indonesia,016,American Samoa,64," Waterproof footwear (Wellingtons etc), metal toe cap",21036.0,6.136,"Indonesia -  Waterproof footwear (Wellingtons etc), metal toe cap"
197,218,Ecuador,016,American Samoa,48, Newsprint,20553.0,4.978000000000001,Ecuador -  Newsprint
198,554,New Zealand,016,American Samoa,86," Rail locomotives, externally electrically powered",20129.0,7.094,"New Zealand -  Rail locomotives, externally electrically powered"
199,242,Fiji,016,American Samoa,87, Pedestrian controlled tractors,19977.0,3.374,Fiji -  Pedestrian controlled tractors
200,036,Australia,016,American Samoa,38, Artificial graphite,19960.0,10.759,Australia -  Artificial graphite
201,826,United Kingdom,016,American Samoa,87, Pedestrian controlled tractors,19405.0,1.378,United Kingdom -  Pedestrian controlled tractors
202,242,Fiji,016,American Samoa,21," Coffee extracts, essences, concentrates, preparations",18964.0,4.353,"Fiji -  Coffee extracts, essences, concentrates, preparations"
203,036,Australia,016,American Samoa,29, Saturated acyclic hydrocarbons,18022.0,1.6,Australia -  Saturated acyclic hydrocarbons
204,124,Canada,016,American Samoa,03," Ornamental fish, live",18019.0,1.13,"Canada -  Ornamental fish, live"
205,124,Canada,016,American Samoa,40," Natural rubber latex, including prevulcanised",16833.0,3.863,"Canada -  Natural rubber latex, including prevulcanised"
206,410,Rep. of Korea,016,American Samoa,63, Electric blankets of textile material,16773.0,0.733,Rep. of Korea -  Electric blankets of textile material
207,250,France,016,American Samoa,85, Electric motors of an output < 37.5 watts,15781.0,0.149,France -  Electric motors of an output < 37.5 watts
208,036,Australia,016,American Samoa,32, Quebracho tanning extract,14815.0,0.674,Australia -  Quebracho tanning extract
209,360,Indonesia,016,American Samoa,15," Lard, other pig fat and poultry fat, rendered",14378.0,16.29,"Indonesia -  Lard, other pig fat and poultry fat, rendered"
210,554,New Zealand,016,American Samoa,61," Mens, boys overcoats, etc, of wool or hair, knit",14353.0,0.356,"New Zealand -  Mens, boys overcoats, etc, of wool or hair, knit"
211,826,United Kingdom,016,American Samoa,32, Quebracho tanning extract,14123.0,1.1600000000000001,United Kingdom -  Quebracho tanning extract
212,702,Singapore,016,American Samoa,72," Pig iron, non-alloy, <0.5% phosphorus",13925.0,24.34,"Singapore -  Pig iron, non-alloy, <0.5% phosphorus"
213,764,Thailand,016,American Samoa,19," Infant foods of cereals, flour, starch or milk, retai",13781.0,8.541,"Thailand -  Infant foods of cereals, flour, starch or milk, retai"
214,792,TÃ¼rkiye,016,American Samoa,84, Nuclear reactors,13754.0,0.225,TÃ¼rkiye -  Nuclear reactors
215,554,New Zealand,016,American Samoa,60," ""Long pile"" knit or crochet textile fabric",13722.0,1.203,"New Zealand -  ""Long pile"" knit or crochet textile fabric"
216,490,"Other Asia, nes",016,American Samoa,95," Rideable wheeled toys, dolls carriages",13693.0,0.5389999999999999,"Other Asia, nes -  Rideable wheeled toys, dolls carriages"
217,554,New Zealand,016,American Samoa,56," Sanitary towels, diapers and similar articles",13275.0,2.43,"New Zealand -  Sanitary towels, diapers and similar articles"
218,490,"Other Asia, nes",016,American Samoa,27," Anthracite, not agglomerated",13196.0,7.54,"Other Asia, nes -  Anthracite, not agglomerated"
219,380,Italy,016,American Samoa,94," Seats, aircraft",12975.0,0.369,"Italy -  Seats, aircraft"
220,076,Brazil,016,American Samoa,02," Bovine carcasses and half carcasses, fresh or chilled",12925.0,9.95,"Brazil -  Bovine carcasses and half carcasses, fresh or chilled"
221,218,Ecuador,016,American Samoa,83, Padlocks of base metal,12591.0,1.317,Ecuador -  Padlocks of base metal
222,724,Spain,016,American Samoa,82, Spades and shovels,12437.0,0.20400000000000001,Spain -  Spades and shovels
223,056,Belgium,016,American Samoa,84, Nuclear reactors,12072.0,0.015,Belgium -  Nuclear reactors
224,024,Angola,016,American Samoa,73, Sheet piling of iron or steel,12007.0,7.4,Angola -  Sheet piling of iron or steel
225,360,Indonesia,016,American Samoa,48, Newsprint,11769.0,18.983,Indonesia -  Newsprint
226,458,Malaysia,016,American Samoa,76," Aluminium unwrought, not alloyed",11687.0,2.949,"Malaysia -  Aluminium unwrought, not alloyed"
227,490,"Other Asia, nes",016,American Samoa,20," Cucumbers,gherkins, prepared or preserved by vinegar",11540.0,4.264,"Other Asia, nes -  Cucumbers,gherkins, prepared or preserved by vinegar"
228,554,New Zealand,016,American Samoa,42," Saddlery and harness, of any material",11527.0,1.295,"New Zealand -  Saddlery and harness, of any material"
229,242,Fiji,016,American Samoa,17," Raw sugar, cane",11392.0,4.41,"Fiji -  Raw sugar, cane"
230,490,"Other Asia, nes",016,American Samoa,21," Coffee extracts, essences, concentrates, preparations",11273.0,4.621,"Other Asia, nes -  Coffee extracts, essences, concentrates, preparations"
231,036,Australia,016,American Samoa,87, Pedestrian controlled tractors,11055.0,0.9480000000000001,Australia -  Pedestrian controlled tractors
232,242,Fiji,016,American Samoa,40," Natural rubber latex, including prevulcanised",10844.0,5.748,"Fiji -  Natural rubber latex, including prevulcanised"
233,554,New Zealand,016,American Samoa,35, Casein,10832.0,17.201999999999998,New Zealand -  Casein
234,242,Fiji,016,American Samoa,68," Stone setts, curbstones, flagstones (except slate)",10815.0,15.0,"Fiji -  Stone setts, curbstones, flagstones (except slate)"
235,242,Fiji,016,American Samoa,15," Lard, other pig fat and poultry fat, rendered",10814.0,7.242,"Fiji -  Lard, other pig fat and poultry fat, rendered"
236,490,"Other Asia, nes",016,American Samoa,11, Wheat or meslin flour,10278.0,14.075,"Other Asia, nes -  Wheat or meslin flour"
237,242,Fiji,016,American Samoa,29, Saturated acyclic hydrocarbons,9557.0,1.287,Fiji -  Saturated acyclic hydrocarbons
238,036,Australia,016,American Samoa,44, Fuel wood,9453.0,3.507,Australia -  Fuel wood
239,554,New Zealand,016,American Samoa,09," Coffee, not roasted, not decaffeinated",8938.0,1.254,"New Zealand -  Coffee, not roasted, not decaffeinated"
240,490,"Other Asia, nes",016,American Samoa,07," Potatoes seed, fresh or chilled",8355.0,6.234000000000001,"Other Asia, nes -  Potatoes seed, fresh or chilled"
241,490,"Other Asia, nes",016,American Samoa,85, Electric motors of an output < 37.5 watts,8318.0,0.361,"Other Asia, nes -  Electric motors of an output < 37.5 watts"
242,764,Thailand,016,American Samoa,63, Electric blankets of textile material,8269.0,0.087,Thailand -  Electric blankets of textile material
243,344,"China, Hong Kong SAR",016,American Samoa,39, Polyethylene - specific gravity <0.94 in primary form,8188.0,0.5630000000000001,"China, Hong Kong SAR -  Polyethylene - specific gravity <0.94 in primary form"
244,702,Singapore,016,American Samoa,90," Optical fibres, except for telecommunications",8135.0,0.036,"Singapore -  Optical fibres, except for telecommunications"
245,410,Rep. of Korea,016,American Samoa,72," Pig iron, non-alloy, <0.5% phosphorus",8100.0,7.317,"Rep. of Korea -  Pig iron, non-alloy, <0.5% phosphorus"
246,554,New Zealand,016,American Samoa,28, Chlorine,8089.0,0.655,New Zealand -  Chlorine
247,276,Germany,016,American Samoa,84, Nuclear reactors,7784.0,0.009000000000000001,Germany -  Nuclear reactors
248,242,Fiji,016,American Samoa,39, Polyethylene - specific gravity <0.94 in primary form,7559.0,3.52,Fiji -  Polyethylene - specific gravity <0.94 in primary form
249,764,Thailand,016,American Samoa,61," Mens, boys overcoats, etc, of wool or hair, knit",7410.0,0.155,"Thailand -  Mens, boys overcoats, etc, of wool or hair, knit"
250,356,India,016,American Samoa,61," Mens, boys overcoats, etc, of wool or hair, knit",7365.0,0.243,"India -  Mens, boys overcoats, etc, of wool or hair, knit"
251,702,Singapore,016,American Samoa,92," Upright pianos, including auto-players",7352.0,0.20600000000000002,"Singapore -  Upright pianos, including auto-players"
252,356,India,016,American Samoa,19," Infant foods of cereals, flour, starch or milk, retai",7331.0,5.7,"India -  Infant foods of cereals, flour, starch or milk, retai"
253,036,Australia,016,American Samoa,63, Electric blankets of textile material,6965.0,2.8739999999999997,Australia -  Electric blankets of textile material
254,490,"Other Asia, nes",016,American Samoa,02," Bovine carcasses and half carcasses, fresh or chilled",6897.0,1.6420000000000001,"Other Asia, nes -  Bovine carcasses and half carcasses, fresh or chilled"
255,702,Singapore,016,American Samoa,19," Infant foods of cereals, flour, starch or milk, retai",6817.0,3.0,"Singapore -  Infant foods of cereals, flour, starch or milk, retai"
256,250,France,016,American Samoa,30," Glands and other organs, dried, for therapeutic uses",6597.0,0.027,"France -  Glands and other organs, dried, for therapeutic uses"
257,490,"Other Asia, nes",016,American Samoa,76," Aluminium unwrought, not alloyed",6564.0,0.4,"Other Asia, nes -  Aluminium unwrought, not alloyed"
258,360,Indonesia,016,American Samoa,17," Raw sugar, cane",6211.0,6.1,"Indonesia -  Raw sugar, cane"
259,056,Belgium,016,American Samoa,90," Optical fibres, except for telecommunications",6055.0,0.006,"Belgium -  Optical fibres, except for telecommunications"
260,702,Singapore,016,American Samoa,73, Sheet piling of iron or steel,5990.0,0.03,Singapore -  Sheet piling of iron or steel
261,036,Australia,016,American Samoa,83, Padlocks of base metal,5882.0,0.071,Australia -  Padlocks of base metal
262,360,Indonesia,016,American Samoa,18," Cocoa beans, whole or broken, raw or roasted",5862.0,1.232,"Indonesia -  Cocoa beans, whole or broken, raw or roasted"
263,554,New Zealand,016,American Samoa,37, X-ray plates and films,5735.0,0.245,New Zealand -  X-ray plates and films
264,242,Fiji,016,American Samoa,74, Copper mattes,5634.0,0.915,Fiji -  Copper mattes
265,490,"Other Asia, nes",016,American Samoa,56," Sanitary towels, diapers and similar articles",5404.0,1.094,"Other Asia, nes -  Sanitary towels, diapers and similar articles"
266,242,Fiji,016,American Samoa,49," Brochures, leaflets and similar, in single sheets",5390.0,0.267,"Fiji -  Brochures, leaflets and similar, in single sheets"
267,410,Rep. of Korea,016,American Samoa,83, Padlocks of base metal,5157.0,1.61,Rep. of Korea -  Padlocks of base metal
268,764,Thailand,016,American Samoa,90," Optical fibres, except for telecommunications",5155.0,0.438,"Thailand -  Optical fibres, except for telecommunications"
269,554,New Zealand,016,American Samoa,65," Hat-forms, etc of felt, not shaped, no formed brim",5035.0,0.084,"New Zealand -  Hat-forms, etc of felt, not shaped, no formed brim"
270,124,Canada,016,American Samoa,84, Nuclear reactors,5012.0,0.077,Canada -  Nuclear reactors
271,242,Fiji,016,American Samoa,42," Saddlery and harness, of any material",4859.0,0.14,"Fiji -  Saddlery and harness, of any material"
272,242,Fiji,016,American Samoa,63, Electric blankets of textile material,4789.0,0.17,Fiji -  Electric blankets of textile material
273,242,Fiji,016,American Samoa,16," Sausages, similar products of meat, meat offal & bloo",4768.0,3.27,"Fiji -  Sausages, similar products of meat, meat offal & bloo"
274,344,"China, Hong Kong SAR",016,American Samoa,90," Optical fibres, except for telecommunications",4567.0,0.004,"China, Hong Kong SAR -  Optical fibres, except for telecommunications"
275,208,Denmark,016,American Samoa,84, Nuclear reactors,4504.0,0.075,Denmark -  Nuclear reactors
276,360,Indonesia,016,American Samoa,29, Saturated acyclic hydrocarbons,4481.0,1.98,Indonesia -  Saturated acyclic hydrocarbons
277,490,"Other Asia, nes",016,American Samoa,90," Optical fibres, except for telecommunications",4377.0,0.028,"Other Asia, nes -  Optical fibres, except for telecommunications"
278,764,Thailand,016,American Samoa,09," Coffee, not roasted, not decaffeinated",4312.0,0.5,"Thailand -  Coffee, not roasted, not decaffeinated"
279,528,Netherlands,016,American Samoa,06," Bulbs, tubers, corms, crowns and rhizomes, dormant",4310.0,0.07,"Netherlands -  Bulbs, tubers, corms, crowns and rhizomes, dormant"
280,242,Fiji,016,American Samoa,70," Glass cullet, waste or scrap, glass in the mass",4305.0,9.246,"Fiji -  Glass cullet, waste or scrap, glass in the mass"
281,458,Malaysia,016,American Samoa,92," Upright pianos, including auto-players",4265.0,0.107,"Malaysia -  Upright pianos, including auto-players"
282,586,Pakistan,016,American Samoa,58," Woven pile fabric of wool or fine animal hair, w >30c",4070.9999999999995,0.017,"Pakistan -  Woven pile fabric of wool or fine animal hair, w >30c"
283,242,Fiji,016,American Samoa,90," Optical fibres, except for telecommunications",4066.0,0.724,"Fiji -  Optical fibres, except for telecommunications"
284,410,Rep. of Korea,016,American Samoa,88," Gliders, hang gliders",4000.0,0.055,"Rep. of Korea -  Gliders, hang gliders"
285,344,"China, Hong Kong SAR",016,American Samoa,84, Nuclear reactors,3987.0,0.022,"China, Hong Kong SAR -  Nuclear reactors"
286,356,India,016,American Samoa,30," Glands and other organs, dried, for therapeutic uses",3927.0,0.1,"India -  Glands and other organs, dried, for therapeutic uses"
287,554,New Zealand,016,American Samoa,89," Cruise ships, excursion boats, ferry boats",3638.0,0.102,"New Zealand -  Cruise ships, excursion boats, ferry boats"
288,218,Ecuador,016,American Samoa,84, Nuclear reactors,3632.0,1.752,Ecuador -  Nuclear reactors
289,490,"Other Asia, nes",016,American Samoa,04, Milk not concentrated nor sweetened < 1% fat,3283.0,0.881,"Other Asia, nes -  Milk not concentrated nor sweetened < 1% fat"
290,410,Rep. of Korea,016,American Samoa,90," Optical fibres, except for telecommunications",3230.0,0.013000000000000001,"Rep. of Korea -  Optical fibres, except for telecommunications"
291,242,Fiji,016,American Samoa,09," Coffee, not roasted, not decaffeinated",3079.0,0.518,"Fiji -  Coffee, not roasted, not decaffeinated"
292,036,Australia,016,American Samoa,61," Mens, boys overcoats, etc, of wool or hair, knit",3072.0,0.073,"Australia -  Mens, boys overcoats, etc, of wool or hair, knit"
293,554,New Zealand,016,American Samoa,95," Rideable wheeled toys, dolls carriages",3050.0,0.073,"New Zealand -  Rideable wheeled toys, dolls carriages"
294,380,Italy,016,American Samoa,69," Bricks, blocks and ceramic goods of siliceous earths",2958.0,0.453,"Italy -  Bricks, blocks and ceramic goods of siliceous earths"
295,826,United Kingdom,016,American Samoa,84, Nuclear reactors,2882.0,0.026,United Kingdom -  Nuclear reactors
296,490,"Other Asia, nes",016,American Samoa,15," Lard, other pig fat and poultry fat, rendered",2751.0,1.518,"Other Asia, nes -  Lard, other pig fat and poultry fat, rendered"
297,124,Canada,016,American Samoa,91," Wrist-watch, precious metal, battery, with hands",2679.0,0.01,"Canada -  Wrist-watch, precious metal, battery, with hands"
298,242,Fiji,016,American Samoa,84, Nuclear reactors,2584.0,0.057999999999999996,Fiji -  Nuclear reactors
299,380,Italy,016,American Samoa,15," Lard, other pig fat and poultry fat, rendered",2501.0,0.404,"Italy -  Lard, other pig fat and poultry fat, rendered"
300,242,Fiji,016,American Samoa,04, Milk not concentrated nor sweetened < 1% fat,2442.0,0.045,Fiji -  Milk not concentrated nor sweetened < 1% fat
301,616,Poland,016,American Samoa,90," Optical fibres, except for telecommunications",2235.0,0.008,"Poland -  Optical fibres, except for telecommunications"
302,380,Italy,016,American Samoa,64," Waterproof footwear (Wellingtons etc), metal toe cap",2234.0,0.012,"Italy -  Waterproof footwear (Wellingtons etc), metal toe cap"
303,554,New Zealand,016,American Samoa,79," Zinc, not alloyed, unwrought, >99% pure",2162.0,0.47200000000000003,"New Zealand -  Zinc, not alloyed, unwrought, >99% pure"
304,764,Thailand,016,American Samoa,71," Pearls natural, not permanently mounted or set",2009.0,0.007,"Thailand -  Pearls natural, not permanently mounted or set"
305,764,Thailand,016,American Samoa,11, Wheat or meslin flour,1987.0,2.813,Thailand -  Wheat or meslin flour
306,360,Indonesia,016,American Samoa,33, Essential oils of bergamot,1980.0,0.096,Indonesia -  Essential oils of bergamot
307,344,"China, Hong Kong SAR",016,American Samoa,61," Mens, boys overcoats, etc, of wool or hair, knit",1957.0,0.055,"China, Hong Kong SAR -  Mens, boys overcoats, etc, of wool or hair, knit"
308,458,Malaysia,016,American Samoa,33, Essential oils of bergamot,1918.0,0.8,Malaysia -  Essential oils of bergamot
309,710,South Africa,016,American Samoa,68," Stone setts, curbstones, flagstones (except slate)",1837.0,4.572,"South Africa -  Stone setts, curbstones, flagstones (except slate)"
310,554,New Zealand,016,American Samoa,33, Essential oils of bergamot,1828.0,0.097,New Zealand -  Essential oils of bergamot
311,360,Indonesia,016,American Samoa,44, Fuel wood,1814.0,1.74,Indonesia -  Fuel wood
312,826,United Kingdom,016,American Samoa,85, Electric motors of an output < 37.5 watts,1789.0,0.002,United Kingdom -  Electric motors of an output < 37.5 watts
313,442,Luxembourg,016,American Samoa,84, Nuclear reactors,1551.0,0.014,Luxembourg -  Nuclear reactors
314,218,Ecuador,016,American Samoa,90," Optical fibres, except for telecommunications",1500.0,0.052,"Ecuador -  Optical fibres, except for telecommunications"
315,344,"China, Hong Kong SAR",016,American Samoa,65," Hat-forms, etc of felt, not shaped, no formed brim",1413.0,0.154,"China, Hong Kong SAR -  Hat-forms, etc of felt, not shaped, no formed brim"
316,490,"Other Asia, nes",016,American Samoa,74, Copper mattes,1392.0,0.049999999999999996,"Other Asia, nes -  Copper mattes"
317,208,Denmark,016,American Samoa,73, Sheet piling of iron or steel,1376.0,0.003,Denmark -  Sheet piling of iron or steel
318,554,New Zealand,016,American Samoa,93," Military weapons, other than hand guns, swords, etc",1274.0,0.038,"New Zealand -  Military weapons, other than hand guns, swords, etc"
319,752,Sweden,016,American Samoa,87, Pedestrian controlled tractors,1266.0,0.198,Sweden -  Pedestrian controlled tractors
320,458,Malaysia,016,American Samoa,84, Nuclear reactors,1262.0,0.051,Malaysia -  Nuclear reactors
321,702,Singapore,016,American Samoa,83, Padlocks of base metal,1255.0,0.12000000000000001,Singapore -  Padlocks of base metal
322,764,Thailand,016,American Samoa,76," Aluminium unwrought, not alloyed",1248.0,0.201,"Thailand -  Aluminium unwrought, not alloyed"
323,554,New Zealand,016,American Samoa,06," Bulbs, tubers, corms, crowns and rhizomes, dormant",1247.0,0.148,"New Zealand -  Bulbs, tubers, corms, crowns and rhizomes, dormant"
324,554,New Zealand,016,American Samoa,59, Gum or amylaceous covered textiles for book covers et,1245.0,0.068,New Zealand -  Gum or amylaceous covered textiles for book covers et
325,826,United Kingdom,016,American Samoa,42," Saddlery and harness, of any material",1229.0,0.001,"United Kingdom -  Saddlery and harness, of any material"
326,490,"Other Asia, nes",016,American Samoa,32, Quebracho tanning extract,1127.0,0.4,"Other Asia, nes -  Quebracho tanning extract"
327,242,Fiji,016,American Samoa,07," Potatoes seed, fresh or chilled",1077.0,0.435,"Fiji -  Potatoes seed, fresh or chilled"
328,528,Netherlands,016,American Samoa,49," Brochures, leaflets and similar, in single sheets",1063.0,0.006,"Netherlands -  Brochures, leaflets and similar, in single sheets"
329,490,"Other Asia, nes",016,American Samoa,38, Artificial graphite,1060.0,0.269,"Other Asia, nes -  Artificial graphite"
330,242,Fiji,016,American Samoa,64," Waterproof footwear (Wellingtons etc), metal toe cap",1058.0,0.02,"Fiji -  Waterproof footwear (Wellingtons etc), metal toe cap"
331,752,Sweden,016,American Samoa,39, Polyethylene - specific gravity <0.94 in primary form,1036.0,0.335,Sweden -  Polyethylene - specific gravity <0.94 in primary form
332,360,Indonesia,016,American Samoa,85, Electric motors of an output < 37.5 watts,1000.0,0.07,Indonesia -  Electric motors of an output < 37.5 watts
333,360,Indonesia,016,American Samoa,90," Optical fibres, except for telecommunications",1000.0,0.03,"Indonesia -  Optical fibres, except for telecommunications"
334,688,Serbia,016,American Samoa,84, Nuclear reactors,947.0,0.028,Serbia -  Nuclear reactors
335,554,New Zealand,016,American Samoa,29, Saturated acyclic hydrocarbons,947.0,0.028,New Zealand -  Saturated acyclic hydrocarbons
336,410,Rep. of Korea,016,American Samoa,61," Mens, boys overcoats, etc, of wool or hair, knit",927.0,0.137,"Rep. of Korea -  Mens, boys overcoats, etc, of wool or hair, knit"
337,554,New Zealand,016,American Samoa,10, Durum wheat,920.0,0.974,New Zealand -  Durum wheat
338,490,"Other Asia, nes",016,American Samoa,96," Worked ivory, articles of ivory",862.0,0.11300000000000002,"Other Asia, nes -  Worked ivory, articles of ivory"
339,490,"Other Asia, nes",016,American Samoa,29, Saturated acyclic hydrocarbons,862.0,0.199,"Other Asia, nes -  Saturated acyclic hydrocarbons"
340,036,Australia,016,American Samoa,49," Brochures, leaflets and similar, in single sheets",859.0,0.0,"Australia -  Brochures, leaflets and similar, in single sheets"
341,344,"China, Hong Kong SAR",016,American Samoa,71," Pearls natural, not permanently mounted or set",816.0,0.152,"China, Hong Kong SAR -  Pearls natural, not permanently mounted or set"
342,242,Fiji,016,American Samoa,38, Artificial graphite,799.0,0.745,Fiji -  Artificial graphite
343,036,Australia,016,American Samoa,62," Mens, boys overcoats of wool or hair, not knit",780.0,0.014,"Australia -  Mens, boys overcoats of wool or hair, not knit"
344,554,New Zealand,016,American Samoa,08," Coconuts, fresh or dried",775.0,0.078,"New Zealand -  Coconuts, fresh or dried"
345,490,"Other Asia, nes",016,American Samoa,61," Mens, boys overcoats, etc, of wool or hair, knit",763.0,0.14700000000000002,"Other Asia, nes -  Mens, boys overcoats, etc, of wool or hair, knit"
346,410,Rep. of Korea,016,American Samoa,21," Coffee extracts, essences, concentrates, preparations",753.0,0.221,"Rep. of Korea -  Coffee extracts, essences, concentrates, preparations"
347,764,Thailand,016,American Samoa,82, Spades and shovels,730.0,0.024,Thailand -  Spades and shovels
348,490,"Other Asia, nes",016,American Samoa,64," Waterproof footwear (Wellingtons etc), metal toe cap",695.0,0.16299999999999998,"Other Asia, nes -  Waterproof footwear (Wellingtons etc), metal toe cap"
349,246,Finland,016,American Samoa,83, Padlocks of base metal,637.0,0.002,Finland -  Padlocks of base metal
350,490,"Other Asia, nes",016,American Samoa,16," Sausages, similar products of meat, meat offal & bloo",630.0,0.122,"Other Asia, nes -  Sausages, similar products of meat, meat offal & bloo"
351,528,Netherlands,016,American Samoa,65," Hat-forms, etc of felt, not shaped, no formed brim",601.0,0.367,"Netherlands -  Hat-forms, etc of felt, not shaped, no formed brim"
352,764,Thailand,016,American Samoa,69," Bricks, blocks and ceramic goods of siliceous earths",584.0,0.56,"Thailand -  Bricks, blocks and ceramic goods of siliceous earths"
353,764,Thailand,016,American Samoa,10, Durum wheat,569.0,0.2,Thailand -  Durum wheat
354,490,"Other Asia, nes",016,American Samoa,09," Coffee, not roasted, not decaffeinated",563.0,0.03,"Other Asia, nes -  Coffee, not roasted, not decaffeinated"
355,410,Rep. of Korea,016,American Samoa,15," Lard, other pig fat and poultry fat, rendered",560.0,0.038,"Rep. of Korea -  Lard, other pig fat and poultry fat, rendered"
356,036,Australia,016,American Samoa,96," Worked ivory, articles of ivory",538.0,0.02,"Australia -  Worked ivory, articles of ivory"
357,490,"Other Asia, nes",016,American Samoa,63, Electric blankets of textile material,497.0,0.46,"Other Asia, nes -  Electric blankets of textile material"
358,410,Rep. of Korea,016,American Samoa,42," Saddlery and harness, of any material",482.0,0.014,"Rep. of Korea -  Saddlery and harness, of any material"
359,764,Thailand,016,American Samoa,85, Electric motors of an output < 37.5 watts,480.0,0.038,Thailand -  Electric motors of an output < 37.5 watts
360,490,"Other Asia, nes",016,American Samoa,18," Cocoa beans, whole or broken, raw or roasted",464.0,0.055,"Other Asia, nes -  Cocoa beans, whole or broken, raw or roasted"
361,490,"Other Asia, nes",016,American Samoa,83, Padlocks of base metal,463.0,0.062,"Other Asia, nes -  Padlocks of base metal"
362,242,Fiji,016,American Samoa,82, Spades and shovels,446.0,0.066,Fiji -  Spades and shovels
363,554,New Zealand,016,American Samoa,66, Garden and similar umbrellas,426.0,0.035,New Zealand -  Garden and similar umbrellas
364,410,Rep. of Korea,016,American Samoa,24," Tobacco, unmanufactured, not stemmed or stripped",402.0,0.003,"Rep. of Korea -  Tobacco, unmanufactured, not stemmed or stripped"
365,528,Netherlands,016,American Samoa,40," Natural rubber latex, including prevulcanised",399.0,0.002,"Netherlands -  Natural rubber latex, including prevulcanised"
366,490,"Other Asia, nes",016,American Samoa,28, Chlorine,398.0,0.433,"Other Asia, nes -  Chlorine"
367,410,Rep. of Korea,016,American Samoa,49," Brochures, leaflets and similar, in single sheets",343.0,0.028,"Rep. of Korea -  Brochures, leaflets and similar, in single sheets"
368,724,Spain,016,American Samoa,61," Mens, boys overcoats, etc, of wool or hair, knit",314.0,0.026,"Spain -  Mens, boys overcoats, etc, of wool or hair, knit"
369,490,"Other Asia, nes",016,American Samoa,17," Raw sugar, cane",298.0,1.0,"Other Asia, nes -  Raw sugar, cane"
370,218,Ecuador,016,American Samoa,28, Chlorine,271.0,0.499,Ecuador -  Chlorine
371,490,"Other Asia, nes",016,American Samoa,70," Glass cullet, waste or scrap, glass in the mass",265.0,0.031,"Other Asia, nes -  Glass cullet, waste or scrap, glass in the mass"
372,344,"China, Hong Kong SAR",016,American Samoa,95," Rideable wheeled toys, dolls carriages",246.0,0.11,"China, Hong Kong SAR -  Rideable wheeled toys, dolls carriages"
373,764,Thailand,016,American Samoa,15," Lard, other pig fat and poultry fat, rendered",245.0,0.022,"Thailand -  Lard, other pig fat and poultry fat, rendered"
374,242,Fiji,016,American Samoa,08," Coconuts, fresh or dried",243.0,0.012,"Fiji -  Coconuts, fresh or dried"
375,490,"Other Asia, nes",016,American Samoa,34," Soaps, for toilet use, solid",232.0,0.105,"Other Asia, nes -  Soaps, for toilet use, solid"
376,508,Mozambique,016,American Samoa,05," Hair, human, unworked, waste of human hair",214.0,0.020999999999999998,"Mozambique -  Hair, human, unworked, waste of human hair"
377,242,Fiji,016,American Samoa,65," Hat-forms, etc of felt, not shaped, no formed brim",211.0,0.036,"Fiji -  Hat-forms, etc of felt, not shaped, no formed brim"
378,490,"Other Asia, nes",016,American Samoa,40," Natural rubber latex, including prevulcanised",199.0,0.018000000000000002,"Other Asia, nes -  Natural rubber latex, including prevulcanised"
379,724,Spain,016,American Samoa,62," Mens, boys overcoats of wool or hair, not knit",176.0,0.001,"Spain -  Mens, boys overcoats of wool or hair, not knit"
380,616,Poland,016,American Samoa,85, Electric motors of an output < 37.5 watts,169.0,0.004,Poland -  Electric motors of an output < 37.5 watts
381,490,"Other Asia, nes",016,American Samoa,35, Casein,166.0,0.039,"Other Asia, nes -  Casein"
382,490,"Other Asia, nes",016,American Samoa,68," Stone setts, curbstones, flagstones (except slate)",165.0,0.016,"Other Asia, nes -  Stone setts, curbstones, flagstones (except slate)"
383,554,New Zealand,016,American Samoa,46, Plaits and products of plaiting materials,161.0,0.026,New Zealand -  Plaits and products of plaiting materials
384,554,New Zealand,016,American Samoa,11, Wheat or meslin flour,158.0,0.099,New Zealand -  Wheat or meslin flour
385,528,Netherlands,016,American Samoa,64," Waterproof footwear (Wellingtons etc), metal toe cap",149.0,0.011,"Netherlands -  Waterproof footwear (Wellingtons etc), metal toe cap"
386,124,Canada,016,American Samoa,70," Glass cullet, waste or scrap, glass in the mass",146.0,0.002,"Canada -  Glass cullet, waste or scrap, glass in the mass"
387,490,"Other Asia, nes",016,American Samoa,65," Hat-forms, etc of felt, not shaped, no formed brim",133.0,0.006,"Other Asia, nes -  Hat-forms, etc of felt, not shaped, no formed brim"
388,490,"Other Asia, nes",016,American Samoa,94," Seats, aircraft",132.0,0.015,"Other Asia, nes -  Seats, aircraft"
389,040,Austria,016,American Samoa,84, Nuclear reactors,129.0,0.007,Austria -  Nuclear reactors
390,752,Sweden,016,American Samoa,61," Mens, boys overcoats, etc, of wool or hair, knit",115.0,0.001,"Sweden -  Mens, boys overcoats, etc, of wool or hair, knit"
391,528,Netherlands,016,American Samoa,63, Electric blankets of textile material,103.0,0.009,Netherlands -  Electric blankets of textile material
392,528,Netherlands,016,American Samoa,38, Artificial graphite,93.0,0.002,Netherlands -  Artificial graphite
393,070,Bosnia Herzegovina,016,American Samoa,85, Electric motors of an output < 37.5 watts,82.0,0.004,Bosnia Herzegovina -  Electric motors of an output < 37.5 watts
394,554,New Zealand,016,American Samoa,74, Copper mattes,81.0,0.003,New Zealand -  Copper mattes
395,490,"Other Asia, nes",016,American Samoa,62," Mens, boys overcoats of wool or hair, not knit",66.0,0.038,"Other Asia, nes -  Mens, boys overcoats of wool or hair, not knit"
396,554,New Zealand,016,American Samoa,78, Lead refined unwrought,60.0,0.02,New Zealand -  Lead refined unwrought
397,528,Netherlands,016,American Samoa,62," Mens, boys overcoats of wool or hair, not knit",59.0,0.002,"Netherlands -  Mens, boys overcoats of wool or hair, not knit"
398,516,Namibia,016,American Samoa,30," Glands and other organs, dried, for therapeutic uses",53.0,0.0,"Namibia -  Glands and other organs, dried, for therapeutic uses"
399,242,Fiji,016,American Samoa,12, Soya beans,24.0,0.005,Fiji -  Soya beans
400,410,Rep. of Korea,016,American Samoa,33, Essential oils of bergamot,24.0,0.0,Rep. of Korea -  Essential oils of bergamot
401,360,Indonesia,016,American Samoa,92," Upright pianos, including auto-players",20.0,0.0,"Indonesia -  Upright pianos, including auto-players"
402,410,Rep. of Korea,016,American Samoa,48, Newsprint,18.0,0.001,Rep. of Korea -  Newsprint
403,410,Rep. of Korea,016,American Samoa,82, Spades and shovels,9.0,0.005,Rep. of Korea -  Spades and shovels
404,764,Thailand,016,American Samoa,39, Polyethylene - specific gravity <0.94 in primary form,8.0,0.028,Thailand -  Polyethylene - specific gravity <0.94 in primary form
405,344,"China, Hong Kong SAR",016,American Samoa,82, Spades and shovels,8.0,0.0,"China, Hong Kong SAR -  Spades and shovels"
406,036,Australia,016,American Samoa,40," Natural rubber latex, including prevulcanised",7.0,0.0,"Australia -  Natural rubber latex, including prevulcanised"
407,410,Rep. of Korea,016,American Samoa,55," Filament tow of nylon, polyamides",4.0,0.002,"Rep. of Korea -  Filament tow of nylon, polyamides"
